{"valueType":"nodes","values":[{"_typeName":"Link","id":"ck0jwuha7006t08306ghm7fj1","description":"An awesome GraphQL conference","url":"www.graphqlconf.org"},{"_typeName":"Link","id":"ck0jwwa1l006z0830na31sjqh","description":"An awesome GraphQL conference","url":"www.graphqlconf.org"},{"_typeName":"Link","id":"ck0jxkw8e007c0830ai0ie9r1","description":"An awesome GraphQL conference","url":"www.graphqlconf.org"},{"_typeName":"Link","id":"ck0k2wdqn00ax0830p8umd3mz","description":"An awesome GraphQL conference","url":"www.graphqlconf.org"},{"_typeName":"Link","id":"ck0k39nl000bu0830r0i3xh8j","description":"An awesome GraphQL conference","url":"www.graphqlconf.org"},{"_typeName":"Link","id":"ck0k39oas00c00830ek6z7sff","description":"An awesome GraphQL conference","url":"www.graphqlconf.org"},{"_typeName":"Link","id":"ck0k3q6wp00cc0830kzawwaaz","description":"An awesome GraphQL conference","url":"www.graphqlconf.org"},{"_typeName":"Link","id":"ck0k3q7gd00ci08302jkdnj6b","description":"An awesome GraphQL conference","url":"www.graphqlconf.org"},{"_typeName":"Link","id":"ck0k3q7mi00co08300vl6voaz","description":"An awesome GraphQL conference","url":"www.graphqlconf.org"},{"_typeName":"Link","id":"ck0k3q7sq00cu0830ysd14tp1","description":"An awesome GraphQL conference","url":"www.graphqlconf.org"},{"_typeName":"User","id":"ck0jwqocz004a0830bnt1v3yt","name":"Alice","email":"alice@prisma.io","password":"$2a$10$CBzfhBKaRPP6GeaM9g.Ob.QzhFp8VKK6po8JUNyfkSND2WwjijRty"}]}