{"valueType":"relations","values":[[{"_typeName":"User","id":"ck0jwqocz004a0830bnt1v3yt","fieldName":"links"},{"_typeName":"Link","id":"ck0jwuha7006t08306ghm7fj1","fieldName":"postedBy"}],[{"_typeName":"User","id":"ck0jwqocz004a0830bnt1v3yt","fieldName":"links"},{"_typeName":"Link","id":"ck0jwwa1l006z0830na31sjqh","fieldName":"postedBy"}],[{"_typeName":"User","id":"ck0jwqocz004a0830bnt1v3yt","fieldName":"links"},{"_typeName":"Link","id":"ck0jxkw8e007c0830ai0ie9r1","fieldName":"postedBy"}],[{"_typeName":"User","id":"ck0jwqocz004a0830bnt1v3yt","fieldName":"links"},{"_typeName":"Link","id":"ck0k2wdqn00ax0830p8umd3mz","fieldName":"postedBy"}],[{"_typeName":"User","id":"ck0jwqocz004a0830bnt1v3yt","fieldName":"links"},{"_typeName":"Link","id":"ck0k39nl000bu0830r0i3xh8j","fieldName":"postedBy"}],[{"_typeName":"User","id":"ck0jwqocz004a0830bnt1v3yt","fieldName":"links"},{"_typeName":"Link","id":"ck0k39oas00c00830ek6z7sff","fieldName":"postedBy"}],[{"_typeName":"User","id":"ck0jwqocz004a0830bnt1v3yt","fieldName":"links"},{"_typeName":"Link","id":"ck0k3q6wp00cc0830kzawwaaz","fieldName":"postedBy"}],[{"_typeName":"User","id":"ck0jwqocz004a0830bnt1v3yt","fieldName":"links"},{"_typeName":"Link","id":"ck0k3q7gd00ci08302jkdnj6b","fieldName":"postedBy"}],[{"_typeName":"User","id":"ck0jwqocz004a0830bnt1v3yt","fieldName":"links"},{"_typeName":"Link","id":"ck0k3q7mi00co08300vl6voaz","fieldName":"postedBy"}],[{"_typeName":"User","id":"ck0jwqocz004a0830bnt1v3yt","fieldName":"links"},{"_typeName":"Link","id":"ck0k3q7sq00cu0830ysd14tp1","fieldName":"postedBy"}]]}